{
  "nav": {
    "home": "الرئيسية",
    "quiz": "ابدأ الاختبار",
    "about": "عن Ask Seba",
    "faq": "الأسئلة الشائعة",
    "pricing": "الأسعار",
    "privacy": "سياسة الخصوصية",
    "results": "نتائج التوافق",
    "dashboard": "لوحة التحكم",
    "profile": "الملف الشخصي",
    "settings": "الإعدادات",
    "notifications": "الإشعارات",
    "login": "تسجيل الدخول",
    "register": "إنشاء حساب",
    "logout": "تسجيل الخروج",
    "languageToggle": {
      "label": "اللغة",
      "ariaLabel": "تبديل اللغة",
      "locales": {
        "ar": "العربية",
        "en": "English"
      }
    },
    "userMenuAriaLabel": "قائمة المستخدم",
    "notificationsLoginPrompt": "تسجيل الدخول للإشعارات",
    "favorites": "المفضلة"
  },
  "settings": {
    "title": "الإعدادات",
    "updateName": "تحديث الاسم",
    "namePlaceholder": "أدخل اسمك",
    "applicationSection": "التطبيق",
    "notifications": "الإشعارات",
    "notificationsDescription": "تحكم في إشعارات التطبيق واختبر وصولها.",
    "accountSection": "الحساب",
    "signOut": "تسجيل الخروج",
    "deleteAccount": "حذف الحساب",
    "deleteConfirmTitle": "حذف الحساب نهائياً؟",
    "deleteConfirmDescription": "سيتم حذف جميع بياناتك بشكل دائم. لا يمكن التراجع عن هذا الإجراء.",
    "deleteConfirmButton": "نعم، احذف حسابي",
    "notifSmartTitle": "الإشعارات الذكية",
    "notifActive": "مفعّل",
    "notifInactive": "معطّل",
    "notifTestButton": "إرسال إشعار تجريبي",
    "notifTestSent": "تم الإرسال ✓",
    "notifPermissionsHint": "لا تصلك الإشعارات؟ اضغط هنا",
    "notifPermissionsTitle": "تفعيل الإشعارات:",
    "notifPermStep1": "افتح إعدادات المتصفح",
    "notifPermStep2": "ابحث عن أذونات الموقع (Site permissions)",
    "notifPermStep3": "فعّل الإشعارات لموقع askseba.com"
  },
  "profile": {
    "pageTitle": "إعدادات الملف الشخصي",
    "avatarAlt": "الملف الشخصي",
    "personalInfo": {
      "title": "المعلومات الشخصية",
      "fullName": "الاسم الكامل",
      "email": "البريد الإلكتروني",
      "emailReadonly": "لا يمكن تعديل البريد الإلكتروني",
      "save": "حفظ التغييرات"
    },
    "sensitivity": {
      "title": "إعدادات الحساسية المتقدمة",
      "strictMode": "الوضع الصارم",
      "strictDesc": "إخفاء أي عطر يحتوي على مسببات حساسية محتملة تماماً",
      "active": "نشط",
      "ingredientAlerts": "تنبيهات المكونات",
      "ingredientAlertsDesc": "إرسال تنبيه عند توفر عطور جديدة تناسب ملفك الصحي",
      "ifraNote": "ملاحظة: يتم تحديث قاعدة بيانات المكونات أسبوعياً بناءً على معايير IFRA الدولية لضمان سلامتك.",
      "updated": "تم تحديث الإعدادات بنجاح"
    },
    "danger": {
      "title": "منطقة الخطر",
      "logout": "تسجيل الخروج",
      "delete": "حذف الحساب نهائياً"
    },
    "auth": {
      "required": "يجب تسجيل الدخول",
      "pleaseSignIn": "يرجى تسجيل الدخول لعرض ملفك الشخصي.",
      "signInButton": "تسجيل الدخول"
    }
  },
  "favorites": {
    "metadata": {
      "title": "المفضلة",
      "description": "عطورك المفضلة"
    },
    "title": "المفضلة",
    "emptyTitle": "قائمة مفضلاتك فارغة",
    "emptyDescription": "ابدأ باستكشاف العطور وأضف ما يعجبك هنا",
    "exploreCta": "استكشف العطور الآن",
    "backToHome": "العودة للرئيسية",
    "backToDashboard": "لوحة التحكم"
  },
  "notFound": {
    "title": "الصفحة غير موجودة",
    "description": "عذراً، الصفحة التي تبحث عنها غير موجودة أو تم حذفها.",
    "backHome": "العودة للرئيسية",
    "browseQuiz": "تصفح العطور",
    "quickLinks": "روابط سريعة:",
    "home": "الرئيسية",
    "quiz": "الاختبار",
    "favorites": "المفضلة"
  },
  "home": {
    "metadata": {
      "title": "Ask Seba – مساعدك الذكي لاختيار العطور",
      "description": "اكتشاف العطور بناءً على بصمتك العطرية"
    },
    "hero": {
      "title": "اختبار ذكي لاكتشاف عطرك المثالي",
      "subtitle": "ask.seba يحلل بصمتك العطرية، حساسيتك، وأسلوب حياتك ليقترح عليك عطراً يناسبك فعلاً – قبل أن تشتريه.",
      "badge": "تجربة مجانية • 3 دقائق فقط",
      "primaryCta": "ابدأ الاختبار الآن",
      "primaryCtaHref": "/quiz",
      "secondaryCta": "كيف يعمل Ask Seba؟",
      "secondaryCtaHref": "/about",
      "trust": "موثوق من مستخدمين في الخليج والعالم العربي"
    },
    "questions": {
      "title": "هل مررت بهذه التجارب؟",
      "items": [
        "تشتري عطر ولا يعجبك ؟",
        "عندك حساسية من روائح معينة ؟",
        "وقعت في فخ التسويق ؟"
      ]
    },
    "stats": [
      { "number": "+80,000", "label": "عطر عالمي" },
      { "number": "98%", "label": "رضا المستخدمين" },
      { "number": "3 دقائق", "label": "وقت الاختبار" },
      { "number": "+10,000", "label": "مستخدم" }
    ],
    "benefits": {
      "title": "نساعدك في",
      "items": [
        {
          "icon": "🎯",
          "title": "اختيار العطر الصحيح",
          "description": "نربط تفضيلاتك بعطور حقيقية في السوق بدل الاختيار العشوائي."
        },
        {
          "icon": "🧪",
          "title": "تجنب الحساسية",
          "description": "نحدد المكونات التي تزعجك ونستبعدها من التوصيات تلقائياً."
        },
        {
          "icon": "💰",
          "title": "توفير المال",
          "description": "نقلل احتمالية شراء عطر يبقى مركوناً على الرف بلا استخدام."
        }
      ]
    },
    "headline": "تعرف على ذوقك العطري في 3 دقائق",
    "valuePropTagline": "اختبار ذكي يحدد بصمتك العطرية ويرشح لك العطور المثالية",
    "valueProposition": {
      "title": "لماذا Ask Seba مختلف؟",
      "bullets": [
        "تحليل علمي للنوتات والعائلات العطرية، وليس مجرد آراء عامة.",
        "مراعاة الحساسية والأعراض السابقة لتجنب التجارب المزعجة.",
        "توصيات مصممة حسب طقس منطقتك ونمط حياتك اليومي.",
        "واجهة عربية بالكامل مع تجربة مستخدم بسيطة وواضحة."
      ]
    },
    "cta": {
      "title": "جاهز لاكتشاف عطرك المثالي؟",
      "body": "أجب عن أسئلة بسيطة حول عطور تحبها وتكرهها، وأي حساسية تعاني منها، ودع Ask Seba يتولى الباقي.",
      "ctaButton": "ابدأ الرحلة",
      "loading": "جاري التحميل...",
      "primary": "ابدأ الاختبار الذكي الآن",
      "primaryHref": "/quiz",
      "secondary": "تعرّف أكثر على طريقة عملنا",
      "secondaryHref": "/about"
    }
  },
  "about": {
    "backToProfile": "الرجوع للملف الشخصي",
    "testimonialsTitle": "ماذا يقول عملاؤنا",
    "hero": {
      "title": "قصتنا في Ask Seba",
      "subtitle": "تطبيق يحلّل توافق العطور بناءً على تفضيلاتك الشخصية",
      "cta": "ابدأ الاختبار"
    },
    "sections": [
      {
        "id": "story-hero",
        "title": "لماذا Ask Seba؟",
        "icon": "🎯",
        "body": [
          "بدأت رحلتنا من تلك الزجاجات الأنيقة المصطفة على الرفوف، والتي غطاها الغبار رغم ثمنها الباهظ.",
          "اكتشفنا أن شراء العطر بناءً على تجربة سريعة في المتجر هو مخاطرة حقيقية. نحن لا نقترح عطوراً عشوائية؛ نحن نهندس التوافق العطري من خلال ربط تفضيلاتك الشخصية بقاعدة بيانات تضم آلاف العطور العالمية بمعايير IFRA للأمان."
        ],
        "bullets": []
      },
      {
        "id": "pain-points",
        "title": "مشاكل العطور التقليدية",
        "icon": "🔍",
        "body": [],
        "bullets": [
          "اختيار عشوائي: شراء بناءً على تجربة سريعة في المتجر أو توصيات عامة لا تراعي بصمتك العطرية الفريدة",
          "حساسية: مكونات مخفية قد تسبب لك صداع أو تحسس جلدي بعد ساعات من الاستخدام",
          "عدم توافق: العطر ببساطة لا يناسب كيمياء جسدك أو شخصيتك، مما يؤدي إلى أموال ضائعة وعطور مركونة"
        ]
      },
      {
        "id": "solution",
        "title": "هندسة التوافق العطري",
        "icon": "🧬",
        "body": [
          "نحن لا نقترح عطوراً عشوائية؛ نحن نهندس التوافق العطري",
          "من خلال ربط تفضيلاتك الشخصية بقاعدة بيانات تضم الاف العطور العالمية بمعايير IFRA للأمان، نقوم بتحليل كل نوتة من الافتتاحية حتى القاعدة"
        ],
        "bullets": []
      },
      {
        "id": "how-it-works",
        "title": "كيف يعمل ask.seba؟",
        "icon": "🎨",
        "body": [],
        "bullets": [
          "🎯 المرحلة 1 - نفهم بصمتك العطرية: اختبار ذكي (3 دقائق) يكشف النوتات المحبوبة والعائلات العطرية وأعراض سابقة والمكونات الممنوعة",
          "🔬 المرحلة 2 - تحليل علمي دقيق: نستخدم Fragrantica و IFRA ومعايير السلامة العالمية مع تحديثات يومية",
          "🎨 المرحلة 3 - مطابقة ذكية: خوارزميتنا تحلل كل عطر بناءً على توافق النوتات + تجنب الحساسية + ملاءمة الحياة"
        ]
      }
    ],
    "stats": [
      {
        "number": "50k",
        "label": "عطر تم تحليله"
      },
      {
        "number": "95%",
        "label": "دقة التوافق"
      },
      {
        "number": "100%",
        "label": "آمن للبشرة"
      }
    ],
    "testimonials": [
      {
        "quote": "كان لديّ 7 زجاجات لم أستخدمها أبدًا. بعد ask.seba، كل عطر أشتريه الآن أستخدمه حتى آخر قطرة!",
        "author": "أحمد",
        "city": "جدة"
      },
      {
        "quote": "اكتشفت أن المشكلة لم تكن في بشرتي، بل في نوتة المسك الصناعي التي كانت في كل عطوري السابقة.",
        "author": "نورة",
        "city": "الرياض"
      },
      {
        "quote": "وفّرت عليّ آلاف الريالات. الآن أشتري بثقة كاملة.",
        "author": "خالد",
        "city": "الدوحة"
      }
    ],
    "values": [
      {
        "title": "🔬 دقة علمية، ليست تخمينات",
        "description": "نعتمد في بناء قاعدة معرفتنا على مصادر عطرية عالمية ومعايير أمان دولية. لا نعتمد على آراء أو ترندات، بل على تحليل دقيق للتركيبة الكيميائية"
      },
      {
        "title": "💰 حماية استثمارك",
        "description": "نعتبر العطر استثماراً في حضورك، وليس مجرد شراء عشوائي. كل توصية مصممة لتضمن استخدامك للعطر بالكامل"
      },
      {
        "title": "🧬 تخصيص 100% لبصمتك العطرية",
        "description": "لا توجد توصية للجميع. نراعي كيمياء جسدك الفريدة حتى لو كان لديك حساسية نادرة"
      },
      {
        "title": "🌍 قاعدة بيانات حية",
        "description": "تحديثات يومية بأحدث الإصدارات العالمية وإضافة معلومات جديدة عن المكونات فور صدورها"
      },
      {
        "title": "واجهة عربية متكاملة",
        "description": "واجهة سهلة مع مصطلحات واضحة ودعم فني بالعربية"
      }
    ],
    "cta": {
      "title": "رحلتك تبدأ الآن",
      "body": "لا مزيد من التخمين. لا مزيد من الندم. لا مزيد من العطور المركونة. عطرك المثالي ينتظرك. مستشارك الذكي جاهز.",
      "button": "ابدأ الاختبار الآن ←",
      "button_href": "/quiz"
    }
  },
  "faq": {
    "backToProfile": "الرجوع للملف الشخصي",
    "searchPlaceholder": "ابحث في الأسئلة...",
    "searchAriaLabel": "ابحث في الأسئلة الشائعة",
    "noResults": "لم يتم العثور على أسئلة تطابق \"{term}\"",
    "hero": {
      "title": "الأسئلة الشائعة",
      "subtitle": "كل ما تريد معرفته"
    },
    "categories": [
      {
        "name": "أساسيات الاستخدام",
        "questions": [
          {
            "id": "q1",
            "question": "كيف أبدأ؟",
            "answer": "ask.seba هو مستشارك الذكي للعطور. نساعدك على اكتشاف العطر المثالي الذي يناسب ذوقك، بشرتك، وحياتك اليومية - قبل أن تشتريه. من خلال اختبار ذكي (3 دقائق فقط من 4 أسئلة بسيطة)، نحلل تفضيلاتك ونطابقها مع أكثر من 50,000 عطر عالمي، لنضمن لك: ✅ عطر يحتوي على النوتات التي تحبها، ✅ خالٍ تماماً من المكونات التي قد تزعجك أو تسبب لك حساسية، ✅ مناسب لطقسك ومناسباتك. 💡 نصيحة: جرّب الاختبار من هاتفك أثناء وجودك في المتجر لمقارنة النتائج مباشرة!"
          },
          {
            "id": "q2-pricing",
            "question": "ما هي الأسعار والخطط المتاحة؟",
            "answer": "الخطة المجانية: ✅ اختبار مجاني كامل، ✅ 3-5 توصيات عطرية مع نسب توافق عالية (80%+)، ✅ عرض تفاصيل كل عطر (النوتات، نسبة التوافق، مقارنة الأسعار). الخطة المميزة (اختيارية): ✅ اختبارات غير محدودة، ✅ 8-12 توصية مقسمة حسب المناسبة (يومي/عمل، مسائي/مناسبات، شتوي، صيفي/خفيف)، ✅ 2-3 بدائل لكل فئة، ✅ حفظ تاريخ اختباراتك ومفضلاتك، ✅ دعم فني أسرع. 💡 ملاحظة: يمكنك إلغاء الاشتراك في أي وقت بدون أي التزامات!"
          },
          {
            "id": "q3-mobile",
            "question": "هل يعمل على الجوال؟",
            "answer": "✅ نعم، بالتأكيد! ask.seba مصمم ليعمل بسلاسة على: 📱 الهواتف الذكية (iOS & Android)، 💻 الحواسيب المحمولة والمكتبية، 🖥️ الأجهزة اللوحية (Tablets). الواجهة متجاوبة تماماً ومحسّنة للشاشات الصغيرة، مع دعم كامل للغة العربية (RTL)."
          }
        ]
      },
      {
        "name": "🧪 الحساسية والأمان",
        "questions": [
          {
            "id": "q1-allergy",
            "question": "كيف يتعامل التطبيق مع الحساسية؟",
            "answer": "✅ نحن متخصصون في هذا تماماً! نستخدم قواعد بيانات عطرية دولية ومعايير IFRA العالمية لتحديد النوتة المسببة بالضبط. مثال عملي: إذا تحسست من عود صناعي (Synthetic Oud)، نستبعد تلقائياً جميع العطور المحتوية عليه. لكن قد نقترح لك عطوراً بـ عود طبيعي 100% (Natural Oud Wood) إذا كانت آمنة لك. كيف نحلل حساسيتك؟ نوع النوتة (طبيعية أم صناعية)، المكونات الكيميائية الدقيقة، التفاعلات المحتملة مع بشرتك. ⚠️ تنبيه مهم: إذا ظهرت حساسية جديدة شديدة، استشر طبيب جلدية أولاً!"
          },
          {
            "id": "q2-compatibility",
            "question": "كيف يحسب ask.seba نسبة التوافق؟",
            "answer": "نحلل 3 عوامل رئيسية لحساب نسبة التوافق بدقة عالية: 1️⃣ توافق النوتات (40%): كم عدد النوتات المحبوبة الموجودة في العطر؟ هل النوتات الرئيسية (Heart & Base) تطابق ذوقك؟ 2️⃣ الأمان الصحي (40%): هل العطر خالٍ تماماً من مسببات الحساسية الشخصية؟ هل يتوافق مع معايير IFRA للأمان؟ 3️⃣ ملاءمة الحياة (20%): هل يناسب طقس منطقتك؟ هل مناسب للمناسبات التي حددتها (يومي، مسائي، رسمي...)؟ لماذا قد تكون النسبة 87% وليس 100%؟ نسبة 100% تعني تطابقاً مثالياً تماماً في كل شيء، وهذا نادر جداً. لأننا صادقون معك! 💡 نصيحة: أي عطر بنسبة 85%+ هو خيار ممتاز!"
          },
          {
            "id": "q3-allergy-change",
            "question": "هل يمكن أن تتغير حساسيتي مع الوقت؟",
            "answer": "✅ نعم، بالتأكيد! الحساسية قد: 📈 تتطور: تظهر حساسية جديدة لم تكن موجودة، 📉 تتراجع: تختفي حساسية قديمة مع العلاج أو التغيير في نمط الحياة، 🔄 تتغير: تصبح أقل أو أكثر حدة. 💡 الحل: يمكنك إعادة الاختبار كل فترة أو عند شراء عطر جديد أو فحص عطر لديك."
          }
        ]
      },
      {
        "name": "🎯 الاختبار والنتائج",
        "questions": [
          {
            "id": "q1-accuracy",
            "question": "هل النتائج دقيقة حقًا؟",
            "answer": "نسبة نجاح 95%+ بناءً على: 🔬 مصادر علمية: أكبر قواعد بيانات عطور في العالم (50,000+ عطر)، IFRA: المنظمة العالمية لمعايير أمان العطور، تحديثات يومية من مصادر موثوقة. 👥 تجارب مستخدمين حقيقيين: آلاف التقييمات الإيجابية، متابعة مستمرة لرضا العملاء، تحسين الخوارزمية بناءً على الفيدباك. ⚠️ لكن تذكر: كل بشرة فريدة، والنتائج قد تختلف قليلاً. اختبر عينة صغيرة أولاً قبل شراء الزجاجة الكاملة. التجربة الشخصية هي الحكم النهائي!"
          }
        ]
      },
      {
        "name": "🔐 التسجيل والخصوصية",
        "questions": [
          {
            "id": "q1-registration",
            "question": "هل أحتاج للتسجيل؟",
            "answer": "❌ لا، التسجيل اختياري تماماً! للضيوف (بدون تسجيل): ✅ استخدام الاختبار كاملاً، ✅ رؤية النتائج فوراً، ✅ حفظ النتائج مؤقتاً في جهازك. للمسجلين (مجاني): ✅ كل ما سبق + 📊 حفظ نتائجك السابقة، ⭐ إنشاء قائمة مفضلات، 📈 تتبع تاريخ اختباراتك، 🎯 توصيات محسّنة بمرور الوقت، 📱 مشاركة نتائجك مع الأصدقاء عبر رابط مباشر أو WhatsApp أو Twitter. ⚠️ ملاحظة خصوصية: عند المشاركة، يرى صديقك فقط التوصيات العطرية، ولا يرى بيانات حساسيتك أو تفاصيلك الشخصية."
          },
          {
            "id": "q2-privacy",
            "question": "كيف تحمون خصوصيتي وبياناتي؟",
            "answer": "✅ أمان عسكري لبياناتك! ما نحميه: 🔐 تشفير AES-256 لجميع البيانات، 🔒 HTTPS إلزامي (SSL/TLS 1.3)، 🚫 لا نبيع، لا نشارك، لا نستخدم للإعلانات، 🗑️ حذف فوري ونهائي عند الطلب. ما نجمعه فقط (للمسجلين): البريد الإلكتروني (للدخول)، تفضيلات العطور، تاريخ الاختبارات. ما لا نجمعه أبداً: ❌ رقم هاتفك، ❌ عنوانك، ❌ معلومات دفع حساسة، ❌ موقعك الجغرافي الدقيق. 📄 للتفاصيل الكاملة: سياسة الخصوصية"
          }
        ]
      },
      {
        "name": "🌍 العطور والتوفر",
        "questions": [
          {
            "id": "q1-supported-perfumes",
            "question": "ما العطور المدعومة في التطبيق؟",
            "answer": "العطور المشمولة: ✅ نغطي العطور العالمية والعربية والشرقية المسجلة في قواعد البيانات الدولية. شرط مهم - العطر يجب أن يكون: ✅ موثقاً في Fragrantica أو IFRA، ✅ له تركيبة واضحة (النوتات معروفة)، ✅ متوفراً في الأسواق. العطور غير المدعومة: ❌ عطور محلية غير موثقة دولياً، ❌ خلطات شخصية بدون تركيبة واضحة، ❌ عطور مزيفة (Fake/Replica)."
          },
          {
            "id": "q2-favorite-not-found",
            "question": "ماذا لو لم أجد عطري المفضل؟",
            "answer": "هناك عدة احتمالات: 1️⃣ العطر موجود لكن بنسبة توافق أقل: قد يكون خارج النتائج الأساسية بسبب نسبة توافق أقل من 80%. 2️⃣ العطر غير مسجل في قاعدة البيانات: قد يكون محلياً أو حصرياً جداً - راسلنا على support@askseba.com وسنضيفه! 3️⃣ تفضيلاتك تغيرت: ربما ما كنت تحبه سابقاً لم يعد مناسباً الآن - جرّب التوصيات الجديدة، قد تكتشف أفضل!"
          },
          {
            "id": "q3-selling",
            "question": "هل ask.seba يبيع العطور؟",
            "answer": "❌ لا، نحن لا نبيع عطوراً! نحن فقط: 🔍 نساعدك على اكتشاف العطر المناسب، 📊 نعرض لك تفاصيل كل عطر (النوتات، السعر التقريبي)، 🗺️ نوجهك إلى أماكن الشراء الموثوقة (متاجر، مواقع). لماذا؟ ✅ نحافظ على حيادنا واستقلاليتنا، ✅ لا نتأثر بعمولات أو صفقات تجارية، ✅ توصياتنا 100% لصالحك فقط."
          }
        ]
      },
      {
        "name": "📞 الدعم والتواصل",
        "questions": [
          {
            "id": "q1-contact",
            "question": "كيف أتواصل مع الدعم؟",
            "answer": "عدة طرق سهلة: 📧 للاستفسارات العامة: البريد الإلكتروني: support@askseba.com، ⏱️ نرد خلال 24 ساعة عادةً، 💬 نموذج الدعم: في صفحة الملف الشخصي → تواصل معنا. 🐛 لديك مشكلة تقنية؟ قم بالتالي: 1. خذ Screenshot للمشكلة، 2. اشرح المشكلة بالتفصيل (ماذا كنت تفعل؟ ماذا حدث؟ ما الجهاز والمتصفح المستخدم؟)، 3. راسلنا على support@askseba.com مع عنوان: مشكلة تقنية."
          },
          {
            "id": "q2-suggestions",
            "question": "لديك اقتراح لتحسين التطبيق؟",
            "answer": "نحب الأفكار الجديدة! 🚀 شارك اقتراحك عبر: 📧 البريد: support@askseba.com، 📝 عنوان الرسالة: اقتراح تحسين، 💬 صفحة المقترحات في التطبيق. ما نبحث عنه: ميزات جديدة تريد رؤيتها، تحسينات على الواجهة، عطور أو علامات تجارية تريد إضافتها، أي شيء يجعل تجربتك أفضل! 🎯 نعد بـ: قراءة كل اقتراح بعناية، الرد عليك خلال 48 ساعة، تنفيذ الأفكار الأكثر طلباً."
          }
        ]
      }
    ]
  },
  "quiz": {
    "title": "بصمتك العطرية",
    "subtitle": "اكتشف العطور المثالية لك من خلال اختبار بسيط",
    "startButton": "ابدأ الاختبار",
    "backToQuizIntro": "العودة للاختبار",
    "step1": {
      "metadata": {
        "title": "المفضلة – الاختبار | اسأل صبا",
        "description": "اختر 3–12 عطراً تحبّه لتخصيص التوصيات."
      },
      "title": "عطور تعجبني 🧡",
      "description": "اختر 3-12 عطراً من المفضّلات لديك",
      "minError": "يجب اختيار 3 عطور على الأقل",
      "maxError": "تم الوصول للحد الأقصى (12)",
      "placeholder": "اكتب اسم عطر للبدء...",
      "helperText": "ابحث عن العطور بالاسم أو الماركة. ستظهر لك أفضل النتائج.",
      "emptyStateTitle": "اكتب اسم عطر للبدء...",
      "emptyStateDescription": "ابحث عن عطورك المفضلة بالاسم أو الماركة",
      "selectedTitle": "العطور المختارة",
      "favoritesLabel": "المفضلة",
      "addMoreText": "عطراً إضافياً على الأقل",
      "maxWarning": "الحد الأقصى 12 عطراً!",
      "helpText": "💡 كلما اخترت عطور أكثر، كانت التوصيات أدق وأكثر تناسباً مع ذوقك",
      "searchResults": "نتيجة",
      "noResults": "لا توجد نتائج مطابقة لـ",
      "confirmClear": "هل أنت متأكد من حذف جميع العطور المختارة؟",
      "ariaLabel": "ابحث عن عطر مفضل",
      "searchTimeout": "انتهت مهلة البحث (10 ثوانٍ). الرجاء المحاولة مرة أخرى.",
      "searchRateLimit": "تم تجاوز حد البحث. انتظر قليلاً ثم حاول مرة أخرى.",
      "searchError": "حدث خطأ في البحث. الرجاء المحاولة مرة أخرى.",
      "nextButtonWithCount": "التالي ({count} عطور)",
      "alreadyAdded": "تم إضافة هذا العطر مسبقاً",
      "removeAriaLabel": "حذف {name}",
      "voiceSearchHint": "اضغط على المايك للبحث الصوتي",
      "voiceSearchListening": "جاري الاستماع...",
      "voiceSearchError": "خطأ في التعرف الصوتي"
    },
    "step2": {
      "metadata": {
        "title": "غير المحبوبة – الاختبار | اسأل صبا",
        "description": "اختر العطور التي لا تعجبك لتحسين ملفك."
      },
      "title": "❌ العطور التي لا تعجبني",
      "description": "اختر 3-12 عطور لا تعجبك",
      "placeholder": "ابحث عن عطر...",
      "dislikedLabel": "غير المفضلة",
      "addMoreText": "عطراً إضافياً على الأقل",
      "selectedTitle": "العطور المختارة",
      "searchResults": "نتائج البحث",
      "noResults": "لا توجد نتائج مطابقة لبحثك",
      "emptyStateTitle": "ابدأ البحث عن عطرك المفضل",
      "emptyStateDescription": "اكتب اسم العطر أو الماركة مثل: Dior، Chanel، Oud، Jasmine",
      "skipButton": "💡 تخطي هذه الخطوة",
      "skipDescription": "يمكنك تخطي هذه الخطوة إذا لم تكن هناك عطور تكرهها",
      "dataError": "بيانات العطور غير متاحة",
      "backButton": "السابق",
      "nextButton": "التالي",
      "skipStepLabel": "تخطي هذه الخطوة"
    },
    "step3": {
      "metadata": {
        "title": "الحساسية – الاختبار | اسأل صبا",
        "description": "اختر الأعراض والمكونات لتجنبها في التوصيات."
      },
      "title": "3",
      "description": "اختر الأعراض التي تعاني منها",
      "level1Question": "هل سبق وسبب لك عطر أي من هذه الأعراض؟",
      "level2Question": "من أي نوع عطور تزعجك؟",
      "level3Question": "ما هي المكونات التي تسبب لك حساسية؟",
      "level3Description": "اختر المكونات التي تعرف أنها تزعجك",
      "level1Title": "1. الأعراض",
      "level2Title": "2. العائلات",
      "level3Title": "3. المكونات",
      "saveButton": "حفظ بصمتي",
      "transitioning": "جاري الانتقال..."
    }
  },
  "privacy": {
    "backButton": "الرجوع للملف الشخصي",
    "backAriaLabel": "الرجوع للصفحة السابقة",
    "tocTitle": "جدول المحتويات",
    "summaryTitle": "ملخص سريع",
    "contactTitle": "للتواصل",
    "hero": {
      "title": "سياسة الخصوصية",
      "subtitle": "حمايتك أولويتنا",
      "last_updated": "يناير 2026",
      "lastUpdatedPrefix": "آخر تحديث:"
    },
    "summaryBullets": [
      "لا نبيع بياناتك",
      "تشفير كامل"
    ],
    "sections": [
      {
        "id": "data-collected",
        "title": "البيانات المُجْمَعَة",
        "content": [
          "للضيوف (بدون تسجيل): لا نجمع أي بيانات على الإطلاق. الاختبار يعمل محلياً في متصفحك (local Storage) والنتائج مؤقتة لا تُرسل لخوادمنا.",
          "للمسجلين: نجمع فقط البريد الإلكتروني (لتسجيل الدخول)، الاسم (اختياري)، تفضيلات العطور (نوتات محبوبة، حساسية شخصية)، تاريخ الاختبارات (لحفظ نتائجك).",
          "ما لا نجمعه مطلقاً: ❌ عنوان منزلك أو رقم هاتفك، ❌ بيانات مالية (الدفع عبر معالجات آمنة خارج نظامنا)، ❌ موقعك الجغرافي الدقيق، ❌ بيانات صحية حساسة"
        ]
      },
      {
        "id": "data-usage",
        "title": "2. كيف نستخدم بياناتك؟",
        "content": [
          "نستخدمها حصرياً لـ: توصيات عطور مخصصة تناسب نوتاتك وتتجنب حساسيتك، حفظ تاريخك ومفضلاتك عبر الأجهزة، تحسين الخوارزمية (بيانات مجهولة الهوية aggregate)، إحصائيات عامة (مثل: أشهر نوتة: عود).",
          "لا نستخدمها أبداً لـ: إعلانات مستهدفة، بيع لأطراف ثالثة، أو تتبع خارج الموقع."
        ]
      },
      {
        "id": "data-sharing",
        "title": "3. مشاركة البيانات",
        "content": [
          "لا نشارك بياناتك الشخصية مع أي جهة تجارية. الاستثناءات الوحيدة:",
          "شركاء تقنيون ملزمون بـ GDPR: معالجات الدفع (معالجة دفع PCI-compliant)، قواعد البيانات (قاعدة بيانات محمية)، المصادقة (تسجيل دخول آمن ومشفر). جميع الشركاء ملزمون بمعايير GDPR + Saudi PDPL ولا يمكنهم استخدام بياناتك لأغراض أخرى.",
          "حالات قانونية فقط: طلب رسمي من السلطات السعودية بأمر محكمة، موافقتك الصريحة (مثل: مشاركة نتيجة على تويتر)"
        ]
      },
      {
        "id": "legal-rights",
        "title": "4. حقوقك القانونية",
        "content": [
          "لديك الحق الكامل في:",
          "الوصول: احصل على نسخة من جميع بياناتك (JSON file) من dashboard → تنزيل بياناتي",
          "التعديل: عدّل تفضيلاتك أو حساسيتك في أي وقت من إعدادات الحساب",
          "الحذف الفوري: احذف حسابك بالكامل من dashboard → حذف الحساب (تُحذف البيانات نهائياً خلال 30 يوم)",
          "الاعتراض: أوقف استخدام بياناتك للإحصائيات",
          "النقل: انقل بياناتك بصيغة قابلة للقراءة",
          "التواصل: support@askseba.com مع موضوع طلب خصوصية"
        ]
      },
      {
        "id": "security",
        "title": "5. الأمان والتشفير",
        "content": [
          "نحمي بياناتك بأعلى المعايير التقنية:",
          "🔐 تشفير AES-256 لجميع البيانات المحفوظة",
          "🔒 HTTPS إلزامي مع SSL/TLS 1.3 لكل الاتصالات",
          "🔍 تدقيق أمني شهري من خبراء مستقلين",
          "💾 نسخ احتياطية يومية مشفرة",
          "🚨 إشعار فوري (خلال 72 ساعة) في حال أي خرق أمني"
        ]
      },
      {
        "id": "policy-changes",
        "title": "6. التغييرات على هذه السياسة",
        "content": [
          "سنحدّث هذه السياسة عند الضرورة (تحديثات تقنية أو قوانين جديدة).",
          "عند التحديث: إشعار في صفحة سياسة الخصوصية، تاريخ آخر تحديث محدث، ملخص بالتغييرات الرئيسية في dashboard.",
          "استمرارك باستخدام Ask Seba بعد التحديث يعني موافقتك على السياسة الجديدة. يمكنك حذف حسابك في أي وقت إذا لم توافق."
        ]
      },
      {
        "id": "contact",
        "title": "7. تواصل معنا",
        "content": [
          "أسئلة حول خصوصيتك؟",
          "📧 support@askseba.com",
          "⏱️ نرد خلال 24-48 ساعة عادةً",
          "لا نحتفظ بمراسلات الدعم أكثر من 90 يوماً"
        ]
      }
    ],
    "contact": {
      "email": "support@askseba.com",
      "response_time": "24-48 ساعة"
    },
    "compliance": {
      "title": "متوافق بالكامل مع",
      "standards": ["GDPR (الأوروبي)", "Saudi PDPL (السعودي)"],
      "note": "هذه السياسة تحميك وتحمينا قانونياً. خصوصيتك ليست للبيع أبداً."
    }
  },
  "footer": {
    "tagline": "Ask Seba - مساعدك الذكي لاختيار العطور",
    "description": "نساعدك على اكتشاف عطور تناسب ذوقك، بشرتك، وحساسيتك، قبل أن تدفع أي ريال.",
    "navAriaLabel": "روابط مهمة",
    "links": {
      "about": "قصتنا",
      "faq": "تساؤلات",
      "privacy": "الخصوصية",
      "pricing": "الأسعار",
      "feedback": "شاركنا رأيك",
      "contact": "تواصل معنا"
    },
    "linksRich": "<about>قصتنا</about> · <faq>تساؤلات</faq> · <privacy>الخصوصية</privacy> · <feedback>شاركنا رأيك</feedback>",
    "social": {
      "title": "تابعنا",
      "emailAriaLabel": "تواصل معنا بالبريد الإلكتروني",
      "instagramAriaLabel": "تابعنا على إنستغرام",
      "twitterAriaLabel": "تابعنا على تويتر",
      "instagram": "إنستغرام",
      "twitter": "تويتر",
      "tiktok": "تيك توك"
    },
    "legal": {
      "rights": "© {year} Ask Seba. جميع الحقوق محفوظة.",
      "cookies": "نستخدم ملفات تعريف الارتباط لتحسين تجربتك.",
      "terms": "الشروط والأحكام"
    },
    "madeWithLove": "صُمّم بحب لعشّاق العطور في العالم العربي."
  },
  "results": {
    "metadata": {
      "title": "نتائج اختبار العطور الخاصة بك",
      "description": "اكتشف العطور المثالية لشخصيتك وحساسياتك"
    },
    "backToDashboard": "العودة للوحة التحكم",
    "hero": {
      "badge": "تم تحليل ذوقك بنجاح",
      "title": "عطورك المثالية",
      "description": "بناءً على تفضيلاتك، قمنا باختيار هذه العطور التي تناسب شخصيتك وتتجنب مسببات الحساسية لديك."
    },
    "compare": {
      "title": "مقارنة العطور",
      "subtitle": "قارن المكونات والسعر والأداء",
      "cancel": "إلغاء",
      "action": "قارن الآن",
      "count": "({count}/3)",
      "comingSoon": "قريباً",
      "sheetTitle": "مقارنة العطور المختارة",
      "matchLabel": "درجة التطابق",
      "safeLabel": "آمن صحيًا",
      "warningLabel": "تحذير حساسية",
      "familiesLabel": "عائلات العطر",
      "ingredientsLabel": "المكونات الرئيسية",
      "close": "إغلاق",
      "priceHubTitle": "أفضل الأسعار المتاحة",
      "bestPrice": "أفضل سعر",
      "available": "متوفر",
      "outOfStock": "نفد من المخزون",
      "goToStore": "الذهاب إلى {store}",
      "currency": "ريال",
      "priceHubGatingTitle": "اشترك لرؤية جميع الأسعار",
      "priceHubGatingCta": "اشترك الآن",
      "moreStoresLocked": "اشترك لرؤية {remaining} متجر إضافي",
      "alertHint": "يمكنك إعداد تنبيه سعر مجاني واحد بعد التسجيل",
      "subscribeToPrices": "اشترك الآن",
      "priceAlertCta": "أخبرني عند انخفاض السعر",
      "priceAlertCtaWithPrice": "أخبرني عند انخفاض السعر ({price} ر.س)",
      "priceAlertSetting": "جاري الإعداد...",
      "priceAlertSuccess": "تم تفعيل تنبيه السعر لـ {perfumeName}",
      "priceAlertError": "فشل تفعيل تنبيه السعر",
      "priceAlertSubscribe": "اشترك لتنبيهات الأسعار (مجاني واحد)",
      "searchNow": "ابحث الآن",
      "searchInStore": "ابحث في {store}",
      "lastUpdated": "تحديث: {date}",
      "pricesMixed": "بعض الأسعار محدّثة — ابحث في المتاجر الأخرى للمقارنة",
      "pricesSearch": "ابحث عن العطر مباشرة في المتاجر الموثوقة",
      "fetchError": "تعذر تحميل الأسعار",
      "retry": "إعادة المحاولة",
      "realPrice": "سعر حقيقي",
      "searchPrice": "ابحث عن السعر",
      "noStoresTitle": "لا توجد متاجر متاحة حالياً",
      "noStoresDesc": "لم نتمكن من تحميل قائمة المتاجر. حاول لاحقاً.",
      "priceHubSearchTitle": "ابحث عن أفضل سعر",
      "priceCount": "أسعار محدّثة لـ {count} من {total} متجر"
    },
    "errorMessage": "فشل تحميل النتائج. يرجى المحاولة مرة أخرى.",
    "retry": "إعادة المحاولة",
    "loading": "جاري التحميل...",
    "errorDefault": "فشل تحميل النتائج",
    "summary": "وجدنا لك {count} عطر يناسبك",
    "summaryHighMatch": "أعلى تطابق {score}%",
    "heroExcellent": "ممتاز",
    "heroGood": "جيد جداً",
    "heroFair": "مقبول",
    "poorMatch": "تطابق ضعيف",
    "empty": {
      "title": "لم نجد نتائج مطابقة",
      "description": "جرّب تعديل تفضيلاتك أو إعادة الاختبار",
      "retakeQuiz": "أعد الاختبار"
    },
    "card": {
      "match": "تطابق",
      "safe": "آمن تماماً",
      "exclusive": "إصدار حصري",
      "lowStock": "كمية محدودة جداً",
      "explore": "اكتشف المكونات",
      "compareLabel": "مقارنة",
      "defaultDesc": "توليفة عطرية ساحرة تم اختيارها بناءً على تفضيلاتك الشخصية لتمنحك تجربة فريدة.",
      "unknownPerfume": "عطر غير معروف",
      "matchScore": "درجة التطابق",
      "safeBadge": "آمن للاستخدام",
      "topMatch": "أفضل تطابق",
      "comparePricesAction": "مقارنة الأسعار",
      "ingredientsBtn": "المكونات",
      "matchBtn": "التوافق",
      "pricesBtn": "الأسعار"
    },
    "upsell": {
      "badge": "ترقية مميزة",
      "title": "{count} عطور إضافية",
      "titleHighlight": "تطابقك تماماً! ✨",
      "avgMatch": "متوسط التطابق:",
      "featureUnlimited": "اختبارات غير محدودة",
      "featureUnlimitedDesc": "اختبر ذوقك كلما تغير",
      "featureResults": "{count} نتيجة إضافية",
      "featureResultsDesc": "كل اختبار يظهر 12 عطر",
      "featureAlerts": "تنبيهات الأسعار",
      "featureAlertsDesc": "اعرف متى ينخفض السعر",
      "featureHistory": "سجل اختباراتك",
      "featureHistoryDesc": "تتبع تطور ذوقك",
      "price": "15",
      "currency": "ريال",
      "period": "/شهر",
      "yearlyNote": "أو 150 ريال/سنة (وفّر 17%)",
      "cta": "اشترك الآن",
      "ctaWithPrice": "اشترك بـ 15 ريال/شهر"
    },
    "blurred": {
      "guestMessage": "سجّل مجاناً لحفظ بصمتك العطرية",
      "freeMessage": "اشترك للوصول لجميع النتائج",
      "guestCta": "سجّل الآن مجاناً",
      "freeCta": "اشترك بـ 15 ريال/شهر",
      "title": "{count} عطر إضافي ينتظرك",
      "avgMatchLabel": "متوسط التطابق",
      "hiddenPerfume": "عطر مخفي",
      "locked": "🔒 مموّه",
      "subscribeCta": "اشترك لرؤية النتيجة"
    },
    "ingredients": {
      "pyramid": {
        "title": "هرم النوتات العطرية",
        "top": "النوتات الافتتاحية",
        "heart": "نوتات القلب",
        "base": "نوتات القاعدة"
      },
      "ingredientsTitle": "المكونات",
      "familiesTitle": "العائلات العطرية",
      "safetyTitle": "تقييم الأمان",
      "safeLabel": "آمن للاستخدام",
      "warningLabel": "يحتاج انتباه",
      "ifraScore": "درجة IFRA",
      "warningsTitle": "تحذيرات",
      "triggersTitle": "قد يسبب"
    },
    "match": {
      "tasteLabel": "توافق الذوق",
      "safetyLabel": "تقييم الأمان",
      "overallLabel": "النتيجة الإجمالية",
      "perfumeFamilies": "العائلات العطرية في هذا العطر",
      "statusDesc": {
        "excellent": "هذا العطر يتوافق بشكل ممتاز مع ذوقك وآمن تماماً",
        "good": "عطر جيد جداً يناسب تفضيلاتك مع توافق عالٍ",
        "fair": "عطر مقبول — يشارك بعض العائلات المفضلة لديك",
        "poor": "تطابق منخفض — قد لا يناسب ذوقك تماماً"
      }
    }
  },
  "dashboard": {
    "matchFormat": "{pct}% تطابق"
  },
  "common": {
    "back": "رجوع",
    "backAriaLabel": "العودة إلى الصفحة السابقة",
    "backToHome": "العودة للرئيسية",
    "backToProfile": "الرجوع للملف الشخصي",
    "backToPreviousStep": "الخطوة السابقة",
    "next": "التالي",
    "previous": "السابق",
    "submit": "إرسال",
    "cancel": "إلغاء",
    "save": "حفظ",
    "loading": "جاري التحميل...",
    "error": "حدث خطأ",
    "success": "نجح"
  },
  "errorBoundary": {
    "title": "عذراً، حدث خطأ غير متوقع",
    "description": "نعتذر عن الإزعاج. يبدو أن شيئاً ما لم يعمل كما هو متوقع.",
    "suggestion": "فريقنا يعمل على إصلاح المشكلة. يمكنك المحاولة مرة أخرى أو العودة للصفحة الرئيسية.",
    "detailsSummary": "تفاصيل الخطأ (للمطورين)",
    "errorLabel": "الخطأ:",
    "infoLabel": "معلومات إضافية:",
    "retry": "إعادة المحاولة",
    "home": "الصفحة الرئيسية",
    "report": "الإبلاغ عن الخطأ",
    "tipsTitle": "💡 نصائح قد تساعدك:",
    "tip1": "تأكد من اتصالك بالإنترنت",
    "tip2": "حدّث الصفحة (F5 أو Cmd+R)",
    "tip3": "امسح ذاكرة التخزين المؤقت للمتصفح",
    "tip4": "جرب متصفحاً آخر"
  }
}
